{"cameraMode":{"drawMode":0,"name":"Shaded","section":"Shading Mode"},"sceneLighting":false,"audioPlay":false,"sceneViewState":{"showFog":true,"showMaterialUpdate":false,"showSkybox":false,"showFlares":true,"showImageEffects":true,"showParticleSystems":true},"in2DMode":false,"pivot":{"x":-0.2842477560043335,"y":0.05766351893544197,"z":-0.20828410983085633},"rotation":{"x":-0.025377964600920678,"y":0.6025782823562622,"z":-0.019170405343174936,"w":-0.79744553565979},"size":0.30005717277526858,"orthographic":false}