{"cameraMode":{"drawMode":0,"name":"Shaded","section":"Shading Mode"},"sceneLighting":true,"audioPlay":false,"sceneViewState":{"showFog":true,"showMaterialUpdate":false,"showSkybox":true,"showFlares":true,"showImageEffects":true,"showParticleSystems":true},"in2DMode":false,"pivot":{"x":33.86000061035156,"y":10.789999961853028,"z":49.099998474121097},"rotation":{"x":0.10835424810647965,"y":-0.15003199875354768,"z":0.01641865074634552,"w":0.9826104640960693},"size":4.041658401489258,"orthographic":false}