{"cameraMode":{"drawMode":0,"name":"Shaded","section":"Shading Mode"},"sceneLighting":false,"audioPlay":false,"sceneViewState":{"showFog":true,"showMaterialUpdate":false,"showSkybox":false,"showFlares":true,"showImageEffects":true,"showParticleSystems":true},"in2DMode":false,"pivot":{"x":21.682876586914064,"y":1.7366679906845093,"z":51.081451416015628},"rotation":{"x":-0.0017546417657285929,"y":0.9959325194358826,"z":-0.01973073184490204,"w":-0.08806774020195008},"size":4.166682243347168,"orthographic":false}