{"cameraMode":{"drawMode":0,"name":"Shaded","section":"Shading Mode"},"sceneLighting":true,"audioPlay":false,"sceneViewState":{"showFog":true,"showMaterialUpdate":false,"showSkybox":true,"showFlares":true,"showImageEffects":true,"showParticleSystems":true},"in2DMode":false,"pivot":{"x":16.108722686767579,"y":1.5610589981079102,"z":58.859500885009769},"rotation":{"x":0.017994461581110956,"y":-0.4186151325702667,"z":0.008281509391963482,"w":0.9079611301422119},"size":18.41259765625,"orthographic":false}