{"cameraMode":{"drawMode":0,"name":"Shaded","section":"Shading Mode"},"sceneLighting":false,"audioPlay":false,"sceneViewState":{"showFog":true,"showMaterialUpdate":false,"showSkybox":false,"showFlares":true,"showImageEffects":true,"showParticleSystems":true},"in2DMode":false,"pivot":{"x":-5.06404447555542,"y":4.3314361572265629,"z":-0.19301319122314454},"rotation":{"x":0.1829688996076584,"y":0.13139788806438447,"z":0.02469504252076149,"w":-0.9740013480186462},"size":33.954044342041019,"orthographic":false}