{"cameraMode":{"drawMode":0,"name":"Shaded","section":"Shading Mode"},"sceneLighting":false,"audioPlay":false,"sceneViewState":{"showFog":true,"showMaterialUpdate":false,"showSkybox":false,"showFlares":true,"showImageEffects":true,"showParticleSystems":true},"in2DMode":false,"pivot":{"x":-1.6391277313232423e-7,"y":0.2657361626625061,"z":-0.014620333909988404},"rotation":{"x":-0.054947540163993838,"y":-0.9159029126167297,"z":0.13450559973716737,"w":-0.3742348551750183},"size":1.3205732107162476,"orthographic":false}