{"cameraMode":{"drawMode":0,"name":"Shaded","section":"Shading Mode"},"sceneLighting":true,"audioPlay":false,"sceneViewState":{"showFog":true,"showMaterialUpdate":false,"showSkybox":true,"showFlares":true,"showImageEffects":true,"showParticleSystems":true},"in2DMode":false,"pivot":{"x":48.805152893066409,"y":39.80534362792969,"z":99.6998519897461},"rotation":{"x":0.1313571333885193,"y":-0.3307074010372162,"z":0.046533480286598209,"w":0.9333966374397278},"size":207.76583862304688,"orthographic":false}