{"cameraMode":{"drawMode":0,"name":"Shaded","section":"Shading Mode"},"sceneLighting":true,"audioPlay":false,"sceneViewState":{"showFog":true,"showMaterialUpdate":false,"showSkybox":true,"showFlares":true,"showImageEffects":true,"showParticleSystems":true},"in2DMode":false,"pivot":{"x":33.86000061035156,"y":11.289999961853028,"z":49.099998474121097},"rotation":{"x":-0.37904462218284609,"y":-0.014710134826600552,"z":0.006039023865014315,"w":-0.925257682800293},"size":2.7461283206939699,"orthographic":false}